[
  {
    "id": 1,
    "name": "Red",
    "category": "Primary Color",
    "priceCents": 1600,
    "imageColor": "F00"
  },
  {
    "id": 2,
    "name": "Yellow",
    "category": "Primary Color",
    "priceCents": 2100,
    "imageColor": "FF0"
  },
  {
    "id": 3,
    "name": "Blue",
    "category": "Primary Color",
    "priceCents": 1200,
    "imageColor": "00F"
  },
  {
    "id": 4,
    "name": "Orange",
    "category": "Secondary Color",
    "priceCents": 1800,
    "imageColor": "F60"
  },
  {
    "id": 5,
    "name": "Green",
    "category": "Secondary Color",
    "priceCents": 1600,
    "imageColor": "0F0"
  },
  {
    "id": 6,
    "name": "Purple",
    "category": "Secondary Color",
    "priceCents": 2100,
    "imageColor": "60F"
  },
  {
    "id": 7,
    "name": "Light Gray",
    "category": "Grayscale",
    "priceCents": 1200,
    "imageColor": "AAA"
  },
  {
    "id": 8,
    "name": "Dark Gray",
    "category": "Grayscale",
    "priceCents": 1600,
    "imageColor": "333"
  }
]